customer_id,first_name,last_name,email,phone_number,address,city,state,country,zip_code,signup_date,last_login,total_bookings,total_spent,preferred_language,referral_code,account_status
1,Larry,Peterson,rstokes@collins-parker.com,001-399-427-0570x2976,"9922 Erin Harbor, Justinchester, NY 66831",Mariefurt,Hawaii,Djibouti,89182,2024-04-30,2024-08-09 22:11:34,4,506.97,Spanish,dMbp-28297,Suspended
2,Tyler,Arnold,derekchandler@carter.com,142-078-4315,"5405 Jorge Loop Apt. 939, Lake Stanleybury, MS 78010",Port Christian,North Carolina,Gabon,61511,2024-03-14,2024-08-15 02:02:11,12,4752.24,French,cfMi-48727,Active
3,Brandon,Mcfarland,icampbell@hotmail.com,+1-668-232-1170x027,"PSC 2785, Box 6050, APO AP 31064",Kathyport,Mississippi,Marshall Islands,07883,2024-02-27,2024-08-28 16:52:01,14,3287.29,French,pBRK-79372,Suspended
4,Jose,Delgado,amberjames@yahoo.com,001-391-546-0054x651,"2845 Lin Rue Suite 069, West Jeffreystad, NJ 14256",Phyllisbury,California,San Marino,53042,2024-05-17,2024-08-24 02:02:40,12,329.61,French,lieW-71867,Suspended
5,Charles,Payne,kathyanderson@harrell.com,(156)715-3788,"017 Jenkins Loop Apt. 441, South Emily, OK 78640",Emilyland,Georgia,Cambodia,95382,2024-03-26,2024-08-10 05:54:15,9,4061.82,English,ZOTb-36233,Suspended
6,Monica,Grant,aporter@carlson.com,718-065-4720x242,"112 William Fields Suite 499, Lake Brendafurt, MS 49612",Nicholsbury,Nebraska,Nicaragua,29613,2024-03-30,2024-08-17 01:47:34,3,4703.81,Spanish,xQEt-01214,Inactive
7,Melissa,Figueroa,andrew49@gmail.com,048-299-1049x98389,"599 Morris Mountains Apt. 152, East Raymond, NY 39990",North Lisachester,Arizona,Guinea-Bissau,82603,2024-08-26,2024-08-26 03:29:51,10,2987.95,French,oZdD-06289,Inactive
8,Dustin,Howard,medinatiffany@edwards.net,800.936.4879,"1972 Mays Mills Suite 911, Adamsland, NH 72641",Cindyville,California,Papua New Guinea,88817,2024-03-04,2024-08-09 11:52:27,8,2681.92,German,Hjob-43641,Inactive
9,Michelle,Walsh,brownbrianna@yahoo.com,0050284969,"206 Jones Lock Suite 459, Marcusland, OH 02931",East Mallorybury,Wyoming,Christmas Island,49810,2024-02-07,2024-08-06 01:51:37,5,1608.07,Spanish,PkHO-50516,Suspended
10,Jacqueline,Edwards,hinessamantha@hotmail.com,571-225-2640,"5065 Keith Walk, West Susan, AZ 78950",East William,Louisiana,Albania,53741,2024-01-09,2024-08-11 09:54:09,13,2742.66,Spanish,wfHK-70733,Active
11,Walter,Weiss,yjimenez@hotmail.com,(635)958-5121,"7213 Julie Drives Suite 786, Kyleport, AL 44846",Lake Debrachester,Washington,Bangladesh,24347,2024-04-17,2024-08-22 05:45:02,12,4852.03,Chinese,zeAW-11424,Inactive
12,Benjamin,Mitchell,richardmartin@yahoo.com,(295)671-5155,"862 Mary Mountain, Lake Brianaberg, WY 37650",Fuentesside,South Carolina,Cote d'Ivoire,85898,2024-04-24,2024-08-07 07:59:06,9,258.58,English,JJcl-15094,Active
13,Jack,Foster,llopez@hotmail.com,292.195.3127x79391,"070 Mary Junctions Apt. 624, Bradleyshire, MI 89896",Craigfurt,Texas,Jordan,49972,2024-07-15,2024-08-28 18:07:18,1,609.81,French,VDtw-97064,Active
14,Robin,Johnson,carlos68@duffy.com,394-331-2459,"75915 Zavala Flats Apt. 957, Port James, MN 49873",East Rachelborough,Connecticut,India,22081,2024-07-23,2024-08-08 22:45:03,7,1186.24,German,gIiW-26664,Suspended
15,Diana,Robinson,russell22@hotmail.com,001-325-719-3665,"20010 Richardson Flats Suite 678, South Justin, NJ 37071",Morenomouth,Illinois,Mexico,80018,2024-02-01,2024-08-13 18:22:24,10,2836.24,English,kvZT-03107,Active
16,Stephanie,Mccoy,orozcomarilyn@hotmail.com,+1-912-404-0382x7969,"2577 Reynolds Street, North Jeremy, SC 77975",East Tonyabury,Rhode Island,Angola,72143,2024-08-28,2024-08-19 15:00:06,8,477.6,English,oLOD-95188,Active
17,David,Griffin,jonesdanielle@hotmail.com,(587)467-7779x6403,"63491 Reyes Path Apt. 875, Jeffreymouth, HI 81730",Pughshire,Virginia,Morocco,53618,2024-08-09,2024-08-15 15:17:23,10,4971.02,Spanish,wYCp-04035,Inactive
18,Felicia,Santana,spencermichael@landry.com,+1-498-752-1231x2060,"6426 Jennings Avenue, Richardside, ID 22805",Port William,Tennessee,Somalia,76932,2024-02-02,2024-08-06 21:05:51,6,654.43,French,tMcd-39416,Active
19,Kristen,Carpenter,michaelhernandez@gmail.com,(422)022-6352,"8074 Alison Greens Apt. 467, New Courtney, KY 30959",Lake Jessicatown,Minnesota,Morocco,46176,2024-01-13,2024-08-06 17:57:19,7,2460.4,Chinese,Vogt-05481,Inactive
20,John,Dixon,fhayes@yahoo.com,205-229-4506,"02304 Mitchell Throughway Apt. 898, North Mitchell, WI 08060",Pamelachester,Alabama,Armenia,33698,2024-02-06,2024-08-10 05:16:10,10,653.86,English,ZrHp-26677,Active
21,Cassidy,Pierce,fweber@delgado-gibson.com,314-359-6562x15040,"273 Stevens Common Suite 605, Gallagherview, MN 66209",East Patricia,Kentucky,Myanmar,66072,2024-05-14,2024-08-23 08:49:03,7,2855.23,Spanish,ciaQ-56815,Active
22,Caleb,Jackson,andrewmcdonald@brown-martin.com,122.499.4908,"PSC 2260, Box 1664, APO AA 30062",North Jimmy,Massachusetts,Congo,02445,2024-07-06,2024-08-27 21:15:38,3,2365.24,English,vPws-49017,Suspended
23,Linda,Kim,stanleylinda@gmail.com,119-915-1883,"98780 Michael Point, East Tiffany, VT 46854",North William,Florida,Antigua and Barbuda,41187,2024-04-20,2024-08-19 11:14:21,15,1241.02,French,tpAw-39343,Active
24,Luis,Jones,bryancook@coleman.com,213.605.0465,"7344 Amber Turnpike Suite 673, South Tylermouth, ND 87058",South Debraton,Wisconsin,San Marino,44710,2024-08-28,2024-08-18 01:51:54,14,2825.89,Chinese,CthP-82519,Inactive
25,Victoria,Powell,ajohnson@yahoo.com,740.124.4444,"945 Nicholas Valleys, Woodburgh, AK 02048",Grimesbury,South Carolina,Ireland,02187,2024-08-20,2024-08-09 00:34:36,9,3528.03,English,JTXc-62393,Suspended
26,Andrew,Henry,samuel09@powell.net,452.153.5167,"Unit 2011 Box 3918, DPO AA 39608",Mikechester,North Carolina,Syrian Arab Republic,61557,2024-03-23,2024-08-15 13:32:49,12,879.96,English,tTgc-75921,Active
27,Alexis,Daniel,kennethbaird@yahoo.com,003.199.7653x292,"005 Herrera Prairie Apt. 507, Carlfort, FL 34772",Acostaland,Arkansas,Christmas Island,28168,2024-02-22,2024-08-20 06:07:28,5,1354.4,Spanish,sfRf-38160,Suspended
28,Zachary,Kaufman,debraclark@miller-wells.info,643-391-7773,"9059 Clark Station, Zacharyton, UT 69237",Daniellechester,New Hampshire,Mozambique,89007,2024-05-28,2024-08-19 22:47:27,7,2365.34,German,lLnq-58261,Inactive
29,Susan,Ryan,lchapman@yahoo.com,+1-044-913-9329x897,"31156 Wilson Ports Suite 093, Carlamouth, AL 15106",Leefort,Alaska,Zambia,73805,2024-04-25,2024-08-08 09:51:55,7,1889.98,French,Mtkw-05331,Suspended
30,Daisy,Chen,pbrock@alvarez.org,(415)448-3690x64206,"73197 Mary Underpass, New Danielle, VT 75096",West Gina,Oklahoma,Ethiopia,08179,2024-04-30,2024-08-24 12:36:47,6,2339.36,Spanish,WWdx-59536,Active
31,Crystal,Montgomery,elizabethdawson@johnson-lee.org,751-772-1058x659,"681 Mario Rapids Suite 106, Brianchester, KS 96909",North Annetteberg,Louisiana,Bouvet Island (Bouvetoya),77468,2024-08-07,2024-08-07 01:30:45,7,4821.55,Spanish,SGQP-89190,Suspended
32,Debra,Johnson,fletcherjohn@yahoo.com,001-562-430-2784,"622 Mathew Ridges Suite 158, North Evelynfort, MI 03378",Joshuafurt,New York,Saint Martin,93837,2024-04-03,2024-08-17 10:00:10,12,1487.16,French,DkiS-62584,Inactive
33,Kevin,Robles,kathleenhall@hotmail.com,803-285-7185,"2089 Tucker Locks Apt. 670, Lake Jerryhaven, RI 12720",West Anne,Delaware,Norway,09967,2024-02-24,2024-08-08 08:33:46,1,4300.03,Spanish,cZpL-99901,Active
34,Timothy,Neal,brownlarry@yahoo.com,836.442.4205,"30061 Norton Key, North Ashleyton, IA 56548",Walterside,West Virginia,Tajikistan,67373,2024-05-01,2024-08-27 09:56:38,3,2752.51,Spanish,xnMZ-81000,Inactive
35,Nathan,King,william30@torres.com,(984)585-2056,"339 Ivan Inlet Suite 671, New Jeffrey, KS 61977",East Colechester,Oklahoma,Samoa,67548,2024-06-05,2024-08-28 04:23:46,11,218.02,Chinese,darc-20624,Suspended
36,Lisa,Shaffer,abarker@hotmail.com,8880153440,"849 Willis Plains Suite 824, South Robertside, AZ 70885",New Victoria,Pennsylvania,Lebanon,04542,2024-02-18,2024-08-02 14:27:05,10,992.83,English,vWCu-65557,Active
37,Michael,Clark,nicholas82@hotmail.com,001-230-010-7712x75885,"8798 Chris Via Suite 353, Austinfurt, AL 52331",Port Anthony,Louisiana,Djibouti,53392,2024-08-15,2024-08-09 17:23:43,7,3871.67,Spanish,dBbo-67394,Inactive
38,Denise,Davis,frenchjodi@yahoo.com,001-886-249-2696x918,"011 Kenneth Manor Suite 597, Lake Richardborough, KY 26721",East Lauren,Alabama,Benin,74792,2024-01-14,2024-08-25 20:22:50,5,3086.25,Chinese,KbCe-87844,Inactive
39,Sharon,Brown,jfitzpatrick@gmail.com,865.252.4146x1032,"18701 Chen Stream Apt. 167, Lake Amandaberg, NV 78359",East Nancy,Washington,Haiti,41820,2024-03-05,2024-08-13 11:06:26,11,1419.6,French,LAAU-39422,Active
40,Deborah,Logan,brettlawson@marquez.biz,001-849-034-2742x2266,"91389 Wagner Shoal Apt. 843, Moralesbury, ID 04493",Kellyville,Ohio,Luxembourg,96137,2024-05-16,2024-08-24 05:47:39,14,3373.23,French,fuwl-43489,Inactive
41,Harold,Hamilton,nicholasjohnson@moore.com,(598)922-2543x6333,"718 Gonzalez Gardens Suite 654, Chapmanborough, IA 53626",Peterside,Montana,Haiti,86347,2024-07-03,2024-08-26 17:21:04,15,2564.99,Chinese,BQqU-18184,Active
42,Frank,Hanna,robertsonadam@christian-pena.net,001-220-372-5660x91369,"412 Stephanie Brook, Calvinbury, TN 67994",Darrylberg,Connecticut,Finland,84001,2024-04-25,2024-08-07 13:06:33,12,1612.64,French,cMZc-03587,Active
43,Jessica,Anderson,alexiswilliams@christensen.com,+1-538-483-0115,"1802 Buck Fork Apt. 789, Gonzalesfurt, OR 01908",Riveraland,South Dakota,Kenya,86066,2024-03-21,2024-08-24 09:28:47,8,3701.39,French,NBVn-51642,Inactive
44,Amy,Davis,marvinsmith@vaughn.org,483.438.7543,"6999 Jeanette Cliffs, East Jessicafort, WI 79501",Lake Justinton,Rhode Island,Belgium,58559,2024-06-28,2024-08-01 08:54:58,13,3876.77,German,kbBW-57116,Active
45,Amy,Brown,nbryant@smith.net,+1-526-067-3774x1987,"15529 Elizabeth Wells, Collinsbury, MI 84589",Shawnburgh,Rhode Island,Kiribati,30851,2024-08-06,2024-08-13 14:06:22,9,2647.6,Spanish,IElD-58998,Active
46,Shelley,Herrera,michelleharding@gmail.com,703-309-9894,"400 Joseph Glen Suite 729, Port Brittanyview, KY 63493",Jameston,South Dakota,Guernsey,89180,2024-06-22,2024-08-01 01:26:29,4,4440.61,German,SfwH-28820,Inactive
47,Michael,Hamilton,bradytheresa@lloyd.com,(153)637-1281x41604,"4567 David Street Apt. 706, New Jackson, CA 74920",Port Janetbury,Virginia,Libyan Arab Jamahiriya,96453,2024-08-26,2024-08-24 02:05:15,2,2924.79,Spanish,fvrp-11498,Active
48,Sharon,Hill,bakerfrank@barry.com,872-755-0426,"1583 Monica Walk, Port Maryland, SD 12992",Johnsonhaven,Connecticut,Bangladesh,80965,2024-01-17,2024-08-16 17:24:40,10,2945.77,French,ajzt-43750,Suspended
49,Isaiah,Allen,ijones@yahoo.com,335-486-5718,"PSC 0885, Box 4832, APO AA 10886",New Ethanborough,Iowa,Brunei Darussalam,46420,2024-04-09,2024-08-23 13:14:43,8,2332.14,German,FFfC-05205,Suspended
50,Dawn,Patel,kevin02@williams.net,2791992466,"831 Dale Park Suite 566, Port Stephanieborough, UT 50857",West Ashleyborough,Kansas,American Samoa,98291,2024-01-14,2024-08-06 01:38:12,14,3518.45,Chinese,jmcm-00321,Active
51,Rachel,Lee,cristinaross@yahoo.com,(722)689-3299x70950,"60848 Jennifer Plaza, North Nicolas, CT 56964",West Johnmouth,Georgia,Mexico,84037,2024-06-23,2024-08-16 00:09:52,2,1354.95,Chinese,dfTb-61640,Active
52,Laura,Rojas,eromero@wolfe.com,(737)227-4265,"99660 Christopher Springs, Samanthaview, SC 06157",South Jesseberg,Alabama,American Samoa,38116,2024-01-30,2024-08-05 04:18:12,1,588.51,English,WvNY-73022,Suspended
53,Mary,Velazquez,arielpreston@gmail.com,784.575.5437x574,"4645 Summers Garden, East Candacefurt, CO 64828",Port Shirley,Vermont,Seychelles,04430,2024-02-08,2024-08-05 05:07:28,5,2232.77,Chinese,drcw-09481,Suspended
54,Cole,Fisher,smendoza@burns.com,001-566-934-9950x53128,"240 Traci Mountain Suite 534, South Jill, IN 36763",Port Kristyberg,West Virginia,Haiti,75015,2024-04-01,2024-08-16 22:46:32,3,4824.93,English,lsry-89572,Inactive
55,Kevin,Norman,karen14@yahoo.com,366.700.8926,"USCGC Johnson, FPO AA 27988",Jeremyborough,Montana,United States Virgin Islands,91905,2024-01-25,2024-08-15 01:36:56,12,4685.82,Spanish,nsZN-98449,Active
56,Michaela,Buchanan,ojohnson@hamilton.com,(296)250-2874,"137 David Rapids, Stephaniemouth, OK 94942",North Jennifer,Missouri,Norway,14173,2024-07-07,2024-08-23 00:10:47,4,3333.52,German,FNsB-48936,Active
57,Jeremy,Bennett,eric05@yahoo.com,001-445-276-5980x493,"9422 Joy Shores, Watsonmouth, SD 49961",Lake Chadside,West Virginia,South Africa,87712,2024-04-20,2024-08-12 02:16:19,12,1261.78,English,EBNn-80451,Inactive
58,Allison,Rodgers,yking@escobar.com,+1-075-066-1923x164,"642 Justin Lakes, North Alexafurt, SC 79822",Ibarraside,Indiana,Japan,85845,2024-06-07,2024-08-10 06:38:11,13,1203.6,French,PjIc-61510,Inactive
59,Desiree,Pratt,candacestevens@baker.com,001-791-278-1197x7370,"Unit 6636 Box 7118, DPO AA 24589",Lake Sarahport,Kansas,Holy See (Vatican City State),69866,2024-06-09,2024-08-08 03:23:06,7,1823.27,English,pugR-19563,Suspended
60,Mark,Colon,lindamitchell@cox.com,302.756.0263x296,"153 Maddox Passage, Lancehaven, CT 08760",Jonesville,Ohio,Tunisia,57170,2024-03-23,2024-08-26 13:42:51,14,3548.78,Spanish,lEsJ-03707,Inactive
61,Christopher,Smith,tonyjohnson@gmail.com,939.534.1661x3032,"0260 Vasquez Lodge, New Tonychester, NH 52255",Pruittside,Wisconsin,Holy See (Vatican City State),88667,2024-04-15,2024-08-03 01:02:08,5,3620.28,English,qUnW-96774,Active
62,Andrea,Wagner,zsnyder@hill.com,+1-254-986-4451,"7563 Jones Summit Suite 216, Andersonshire, ME 61201",North Meganmouth,Virginia,China,49147,2024-03-29,2024-08-20 15:04:01,10,461.19,German,ufpX-91234,Active
63,Joshua,Craig,englishchristopher@hotmail.com,+1-563-985-4649x08504,"9966 Ryan Radial Suite 852, West Debraborough, ND 55834",Lake Brettport,Nebraska,French Polynesia,64889,2024-08-01,2024-08-07 23:53:48,6,4527.78,Spanish,EpSh-97319,Active
64,Lawrence,Erickson,cleonard@yahoo.com,164.218.8560,"008 Moore Causeway, North Nancy, RI 74998",South Carlhaven,West Virginia,Hungary,96110,2024-01-10,2024-08-11 06:33:43,11,2276.36,English,tTcI-23307,Inactive
65,Levi,Conley,george40@gmail.com,001-876-738-2730,"2943 Martha Square, East Johnstad, MA 93820",Hobbsville,Arizona,Serbia,01179,2024-06-22,2024-08-16 11:48:44,13,1157.05,English,YANm-13941,Active
66,Gregory,Lopez,collierjacob@gmail.com,+1-016-880-5763x9045,"9379 Danielle View, Merrittberg, NM 66066",East Matthew,Utah,Tunisia,41072,2024-01-27,2024-08-21 06:55:17,7,3815.86,English,MxrY-97377,Suspended
67,Kaitlyn,Benjamin,briannamelendez@hotmail.com,183.543.8457x86335,"2299 Miller Mills Suite 425, Shannonhaven, LA 60967",Jenkinsfurt,Utah,Estonia,26941,2024-02-05,2024-08-24 10:17:08,8,1209.35,Spanish,voJN-13607,Active
68,Kevin,Wells,reginald32@walker-duran.org,828-995-7129,"63332 Abbott Points Apt. 684, Lake Julie, IA 08762",Richardshaven,Louisiana,Norfolk Island,65853,2024-03-04,2024-08-15 22:46:47,3,2916.14,English,VNuv-99258,Active
69,Tracey,Howard,colemanashley@logan.org,984.105.8660x8942,"315 Lambert Springs, Martintown, FL 76590",Jenniferburgh,California,Jordan,31106,2024-02-04,2024-08-04 23:44:16,1,4716.91,English,jIJp-57639,Active
70,Elizabeth,Simon,sjones@luna-diaz.com,403.541.6351,"86649 Blair Flats Apt. 263, East Brandonside, AZ 12655",Longshire,Mississippi,Reunion,18112,2024-05-02,2024-08-27 13:25:28,15,4844.03,English,dOmj-86285,Active
71,Jordan,King,bgreen@yahoo.com,+1-953-242-4294x56439,"PSC 0928, Box 2681, APO AE 76664",Scottburgh,Mississippi,Guam,89123,2024-01-08,2024-08-04 21:52:37,4,3817.94,Spanish,PAsc-40091,Suspended
72,Melinda,Hudson,jonathandavis@gmail.com,9924878302,"6011 Victor Causeway Suite 231, North Lisa, WA 28845",New Melody,Louisiana,Guadeloupe,68381,2024-07-05,2024-08-27 10:17:25,15,4079.83,Chinese,btpx-75345,Suspended
73,Kelly,Young,cynthia85@gmail.com,965.665.7700x0032,"9884 Ramos Camp Suite 017, North Huntershire, AK 62687",Richardberg,Oregon,Syrian Arab Republic,09905,2024-05-08,2024-08-05 10:33:49,10,2127.43,Chinese,gOQU-79200,Inactive
74,Monica,Clay,susanclark@salinas.biz,987-142-7860x631,"28562 Miller Ways Apt. 607, Lake Nicholas, WY 48930",Michaelmouth,Louisiana,Turkey,07145,2024-03-20,2024-08-26 00:10:06,5,3298.07,German,mYMU-02708,Inactive
75,Clayton,Graham,stephanie23@cummings-farley.info,+1-167-842-7047x4497,"813 Amanda Center, Elizabethport, NV 20514",Navarroshire,Maine,Saint Barthelemy,33780,2024-06-08,2024-08-27 22:32:14,6,4803.9,English,QXYH-17487,Inactive
76,Leslie,Taylor,joshuarivera@hotmail.com,+1-166-924-7493x07090,"292 Cassie Trail, East Samanthaside, CT 70638",Christinastad,Ohio,Sri Lanka,63407,2024-03-18,2024-08-04 13:03:01,1,4607.59,French,BUsx-35808,Suspended
77,Brenda,Bailey,cheryl07@hotmail.com,707.215.4146,"8209 Patricia Square, Millerside, OH 13981",East Stephen,Texas,Kiribati,10867,2024-04-22,2024-08-15 19:47:51,5,2361.75,French,vLxi-08488,Inactive
78,Michael,Bowman,jgallagher@gmail.com,(436)031-0953,"Unit 2403 Box 5150, DPO AA 29003",Port Jennafort,Texas,Togo,18480,2024-08-08,2024-08-15 10:29:22,13,3791.56,English,gleq-41202,Active
79,Michael,Lewis,cynthiaelliott@sosa.net,(874)189-4406x110,"062 Christopher Hill, East Bradleymouth, HI 82660",Terrellport,Kansas,French Polynesia,83490,2024-06-30,2024-08-28 14:58:24,9,1437.73,English,VHmk-00667,Suspended
80,Stephen,Salazar,georgemcclain@bishop-carroll.com,+1-068-296-8152x4078,"USS Williamson, FPO AP 12737",Jessicaberg,Pennsylvania,Kazakhstan,36733,2024-06-20,2024-08-03 10:43:51,13,3328.28,Chinese,xDhr-67315,Suspended
81,Omar,Randolph,tbishop@hotmail.com,(071)249-2807x09972,"002 Patrick Roads, Port Amyside, IA 03199",Josephport,Michigan,Turkey,94872,2024-06-15,2024-08-02 06:50:23,12,4110.33,German,JVcr-65993,Suspended
82,Anna,Moore,samuelsmith@hughes.org,9322310604,"15082 Karen Spring, Evansborough, MN 11574",South Thomas,Idaho,Jordan,55766,2024-02-09,2024-08-04 13:19:28,2,103.38,English,tdio-52737,Suspended
83,Laura,Underwood,richmonddanielle@martinez.info,819.025.3181x0321,"364 David Circles Apt. 099, Walkershire, WA 09416",North Jaclynville,Iowa,Liberia,25638,2024-07-13,2024-08-20 01:32:49,15,4291.96,German,afsU-04241,Suspended
84,Tyler,Quinn,andrewhill@franklin.com,3897603994,"61902 Allen River Suite 058, Craigside, DE 32400",Allenburgh,Alaska,South Africa,25789,2024-08-26,2024-08-01 03:25:51,1,2163.67,Spanish,nFqv-40331,Suspended
85,Travis,Williams,karen89@gmail.com,489.601.5792x403,"4184 Flowers Stream, Mcdonaldberg, OR 29954",North Jamie,Utah,United States of America,50244,2024-03-10,2024-08-08 11:30:05,14,167.96,Chinese,QIAT-74214,Active
86,Melissa,Lee,fjones@kim.com,9196400706,"6606 Kim Greens Suite 024, Perkinshaven, KY 78423",Lake Ronald,Tennessee,Tokelau,89953,2024-02-01,2024-08-16 16:15:29,13,945.46,French,NIVG-61112,Suspended
87,Michael,Walker,mfitzgerald@hotmail.com,654-938-7559,"PSC 4079, Box 7108, APO AP 15257",South Matthewland,Arkansas,Nauru,71944,2024-07-31,2024-08-13 02:59:19,14,3817.17,Chinese,Keem-06316,Active
88,Christopher,Wright,zobrien@yahoo.com,751-766-0715x194,"4037 Watson Parkways, Newmanton, ID 55244",Lake Brian,Wisconsin,Georgia,59296,2024-06-20,2024-08-04 10:45:55,11,2944.83,German,ylwQ-39710,Suspended
89,Michael,Noble,craigharris@yahoo.com,316-504-2039,"02522 Sutton Plains, East Matthew, ID 92417",Baldwinfurt,Alabama,Benin,31097,2024-08-20,2024-08-09 02:17:54,11,2547.45,French,fcci-04940,Inactive
90,Dean,Bailey,xdavid@hotmail.com,1469908352,"511 Santos Park, Davidtown, DC 54620",Robertsonmouth,Massachusetts,Vanuatu,19595,2024-04-29,2024-08-10 13:06:31,10,2487.67,Chinese,CpWT-53009,Suspended
91,James,Peterson,kurtsingleton@hanson-davis.net,153-102-1445,"71699 Strickland Trafficway Apt. 793, South Davidborough, HI 93566",West Ericshire,Michigan,Kyrgyz Republic,76931,2024-03-15,2024-08-14 03:28:05,8,3001.56,French,yaKd-52148,Active
92,Anna,Meyer,katelyntaylor@hotmail.com,+1-687-001-3791,"PSC 5238, Box 5741, APO AP 70159",Yvonnefort,Washington,Finland,84338,2024-02-22,2024-08-24 03:51:22,8,3940.5,Chinese,ZxMv-93416,Inactive
93,Jennifer,Burke,forbesjames@hunt.com,(837)709-0097x01597,"0104 Martinez Crossing Suite 797, Willisland, MN 96117",Perezborough,Ohio,Sierra Leone,22683,2024-07-08,2024-08-23 03:57:54,3,3487.38,French,ZMih-76816,Suspended
94,Brittany,Stephens,bridgeslarry@yahoo.com,+1-767-419-6875x67474,"347 Caitlin Springs, East Jamie, TX 63387",North Michael,Iowa,Monaco,25027,2024-03-12,2024-08-06 18:05:51,13,2025.56,German,IBat-38441,Active
95,Debra,Bennett,camachopaula@rivera-may.org,1835490424,"1744 Kendra Shores, Christopherville, WV 94376",Glennstad,Utah,Bolivia,78846,2024-04-13,2024-08-23 02:31:23,10,2512.44,French,TeZl-78351,Inactive
96,Savannah,Potts,osimmons@gmail.com,895-033-4662,"6784 Melissa Stravenue Suite 969, Crystalville, NC 56362",Martinbury,North Carolina,Cocos (Keeling) Islands,38835,2024-02-07,2024-08-19 04:55:42,3,4799.27,French,pKos-09744,Active
97,Abigail,Long,amber12@yahoo.com,+1-069-146-6184,"8886 Wright Islands Apt. 765, Port Tyler, PA 36388",North Christianfurt,Connecticut,Cape Verde,15088,2024-02-14,2024-08-11 20:12:40,9,2986.24,French,yqNg-80990,Inactive
98,Deborah,Brown,gvargas@gmail.com,(092)832-0858,"2774 Carter Meadow Apt. 290, Kramerhaven, MD 27394",Port Amanda,Washington,Cayman Islands,24733,2024-02-26,2024-08-21 22:37:17,8,2618.39,Spanish,pWln-96559,Inactive
99,Richard,Miller,alexisalvarado@gmail.com,153.970.7336,"888 Murray Meadow Apt. 642, West Cassidychester, NM 37853",West Traci,Alaska,Cote d'Ivoire,43692,2024-08-18,2024-08-24 00:40:24,3,626.06,Chinese,sQvx-83481,Inactive
100,Gina,Miller,elizabethponce@jacobs.com,965-048-5295x34574,"850 Williams Stream, Benjaminfurt, TN 11661",Wilsonside,Colorado,Netherlands,82173,2024-06-28,2024-08-24 11:33:15,1,1912.43,German,gJsr-60742,Inactive
